PRAGMA foreign_keys=OFF;
BEGIN TRANSACTION;
CREATE TABLE "parts" ("id" INTEGER PRIMARY KEY AUTOINCREMENT NOT NULL, "project_id" integer, "part_name" varchar(255), "part_size" integer, "created_at" datetime NOT NULL, "updated_at" datetime NOT NULL, "used_rands" integer DEFAULT 0);
INSERT INTO "parts" VALUES(1,1,'a',50,'2013-01-28 20:09:08.396484','2013-01-28 20:33:42.302734',50);
INSERT INTO "parts" VALUES(2,1,'b',50,'2013-01-28 20:09:13.287109','2013-01-28 20:35:05.552734',50);
INSERT INTO "parts" VALUES(3,2,'TLCA',30,'2013-01-29 18:10:08.677734','2013-02-12 09:43:03.719289',14);
INSERT INTO "parts" VALUES(4,2,'TLCB',30,'2013-01-29 18:10:16.990234','2013-02-12 09:42:59.767140',14);
INSERT INTO "parts" VALUES(5,2,'Kontrollgrupp',20,'2013-01-29 18:10:26.537109','2013-02-08 12:20:29.181890',13);
INSERT INTO "parts" VALUES(6,3,'Accepted',35,'2013-02-12 10:30:51.862843','2013-03-10 23:33:27.160156',30);
INSERT INTO "parts" VALUES(7,3,'Not accepted',35,'2013-02-12 10:30:58.878468','2013-03-10 23:34:43.988281',32);
CREATE TABLE "projects" ("id" INTEGER PRIMARY KEY AUTOINCREMENT NOT NULL, "project_name" varchar(255), "project_size" integer, "created_at" datetime NOT NULL, "updated_at" datetime NOT NULL, "increment_size" integer DEFAULT 0, "project_hash" varchar(255) DEFAULT '', "user_id" integer);
INSERT INTO "projects" VALUES(1,'a',NULL,'2013-01-28 20:09:00.443359','2013-01-28 20:09:00.443359',10,'CBCAMLPQGNHS',1);
INSERT INTO "projects" VALUES(2,'TLC',NULL,'2013-01-29 18:09:55.849609','2013-01-29 18:09:55.849609',20,'SHQJCYEHBNIE',1);
INSERT INTO "projects" VALUES(3,'eScreen',500,'2013-02-12 10:30:08.206593','2013-02-26 13:44:31.274132',5,'ENYDLABSCUOW',3);
CREATE TABLE "rands" ("id" INTEGER PRIMARY KEY AUTOINCREMENT NOT NULL, "part_id" integer, "used" boolean DEFAULT 'f', "created_at" datetime NOT NULL, "updated_at" datetime NOT NULL);
INSERT INTO "rands" VALUES(1,1,'t','2013-01-28 20:09:08.505859','2013-01-28 20:09:15.974609');
INSERT INTO "rands" VALUES(2,1,'t','2013-01-28 20:09:08.521484','2013-01-28 20:09:16.193359');
INSERT INTO "rands" VALUES(3,1,'t','2013-01-28 20:09:08.521484','2013-01-28 20:09:16.380859');
INSERT INTO "rands" VALUES(4,1,'t','2013-01-28 20:09:08.537109','2013-01-28 20:09:16.568359');
INSERT INTO "rands" VALUES(5,1,'t','2013-01-28 20:09:08.552734','2013-01-28 20:09:16.740234');
INSERT INTO "rands" VALUES(6,1,'t','2013-01-28 20:09:08.568359','2013-01-28 20:09:17.552734');
INSERT INTO "rands" VALUES(7,1,'t','2013-01-28 20:09:08.568359','2013-01-28 20:09:18.708984');
INSERT INTO "rands" VALUES(8,1,'t','2013-01-28 20:09:08.583984','2013-01-28 20:09:18.927734');
INSERT INTO "rands" VALUES(9,1,'t','2013-01-28 20:09:08.599609','2013-01-28 20:09:19.208984');
INSERT INTO "rands" VALUES(10,1,'t','2013-01-28 20:09:08.599609','2013-01-28 20:09:19.990234');
INSERT INTO "rands" VALUES(11,2,'t','2013-01-28 20:09:13.302734','2013-01-28 20:09:14.802734');
INSERT INTO "rands" VALUES(12,2,'t','2013-01-28 20:09:13.302734','2013-01-28 20:09:15.708984');
INSERT INTO "rands" VALUES(13,2,'t','2013-01-28 20:09:13.318359','2013-01-28 20:09:16.943359');
INSERT INTO "rands" VALUES(14,2,'t','2013-01-28 20:09:13.333984','2013-01-28 20:09:17.115234');
INSERT INTO "rands" VALUES(15,2,'t','2013-01-28 20:09:13.630859','2013-01-28 20:09:17.333984');
INSERT INTO "rands" VALUES(16,2,'t','2013-01-28 20:09:13.646484','2013-01-28 20:09:17.787109');
INSERT INTO "rands" VALUES(17,2,'t','2013-01-28 20:09:13.662109','2013-01-28 20:09:18.083984');
INSERT INTO "rands" VALUES(18,2,'t','2013-01-28 20:09:13.677734','2013-01-28 20:09:18.255859');
INSERT INTO "rands" VALUES(19,2,'t','2013-01-28 20:09:13.693359','2013-01-28 20:09:18.490234');
INSERT INTO "rands" VALUES(20,2,'t','2013-01-28 20:09:13.708984','2013-01-28 20:09:19.521484');
INSERT INTO "rands" VALUES(21,1,'t','2013-01-28 20:09:20.287109','2013-01-28 20:09:20.740234');
INSERT INTO "rands" VALUES(22,1,'t','2013-01-28 20:09:20.302734','2013-01-28 20:09:21.052734');
INSERT INTO "rands" VALUES(23,1,'t','2013-01-28 20:09:20.318359','2013-01-28 20:09:22.302734');
INSERT INTO "rands" VALUES(24,1,'t','2013-01-28 20:09:20.318359','2013-01-28 20:09:22.912109');
INSERT INTO "rands" VALUES(25,1,'t','2013-01-28 20:09:20.333984','2013-01-28 20:09:25.068359');
INSERT INTO "rands" VALUES(26,1,'t','2013-01-28 20:09:20.349609','2013-01-28 20:09:25.365234');
INSERT INTO "rands" VALUES(27,1,'t','2013-01-28 20:09:20.365234','2013-01-28 20:09:25.693359');
INSERT INTO "rands" VALUES(28,1,'t','2013-01-28 20:09:20.365234','2013-01-28 20:09:26.693359');
INSERT INTO "rands" VALUES(29,1,'t','2013-01-28 20:09:20.380859','2013-01-28 20:09:27.005859');
INSERT INTO "rands" VALUES(30,1,'t','2013-01-28 20:09:20.396484','2013-01-28 20:09:27.365234');
INSERT INTO "rands" VALUES(31,1,'t','2013-01-28 20:09:20.412109','2013-01-28 20:31:19.583984');
INSERT INTO "rands" VALUES(32,2,'t','2013-01-28 20:09:20.443359','2013-01-28 20:09:20.583984');
INSERT INTO "rands" VALUES(33,2,'t','2013-01-28 20:09:20.458984','2013-01-28 20:09:21.302734');
INSERT INTO "rands" VALUES(34,2,'t','2013-01-28 20:09:20.474609','2013-01-28 20:09:22.021484');
INSERT INTO "rands" VALUES(35,2,'t','2013-01-28 20:09:20.490234','2013-01-28 20:09:22.552734');
INSERT INTO "rands" VALUES(36,2,'t','2013-01-28 20:09:20.490234','2013-01-28 20:09:23.396484');
INSERT INTO "rands" VALUES(37,2,'t','2013-01-28 20:09:20.505859','2013-01-28 20:09:23.771484');
INSERT INTO "rands" VALUES(38,2,'t','2013-01-28 20:09:20.521484','2013-01-28 20:09:24.208984');
INSERT INTO "rands" VALUES(39,2,'t','2013-01-28 20:09:20.537109','2013-01-28 20:09:24.724609');
INSERT INTO "rands" VALUES(40,2,'t','2013-01-28 20:09:20.537109','2013-01-28 20:09:25.958984');
INSERT INTO "rands" VALUES(41,2,'t','2013-01-28 20:09:20.552734','2013-01-28 20:09:26.287109');
INSERT INTO "rands" VALUES(42,2,'t','2013-01-28 20:09:20.568359','2013-01-28 20:09:36.865234');
INSERT INTO "rands" VALUES(43,1,'t','2013-01-28 20:09:36.458984','2013-01-28 20:31:19.802734');
INSERT INTO "rands" VALUES(44,1,'t','2013-01-28 20:09:36.458984','2013-01-28 20:31:20.505859');
INSERT INTO "rands" VALUES(45,1,'t','2013-01-28 20:09:36.474609','2013-01-28 20:33:29.474609');
INSERT INTO "rands" VALUES(46,1,'t','2013-01-28 20:09:36.490234','2013-01-28 20:33:30.552734');
INSERT INTO "rands" VALUES(47,1,'t','2013-01-28 20:09:36.568359','2013-01-28 20:33:31.787109');
INSERT INTO "rands" VALUES(48,1,'t','2013-01-28 20:09:36.583984','2013-01-28 20:33:32.021484');
INSERT INTO "rands" VALUES(49,1,'t','2013-01-28 20:09:36.599609','2013-01-28 20:33:32.240234');
INSERT INTO "rands" VALUES(50,1,'t','2013-01-28 20:09:36.615234','2013-01-28 20:33:32.427734');
INSERT INTO "rands" VALUES(51,1,'t','2013-01-28 20:09:36.630859','2013-01-28 20:33:32.802734');
INSERT INTO "rands" VALUES(52,1,'t','2013-01-28 20:09:36.646484','2013-01-28 20:33:33.599609');
INSERT INTO "rands" VALUES(53,1,'t','2013-01-28 20:09:36.646484','2013-01-28 20:33:33.771484');
INSERT INTO "rands" VALUES(54,2,'t','2013-01-28 20:09:36.693359','2013-01-28 20:31:16.412109');
INSERT INTO "rands" VALUES(55,2,'t','2013-01-28 20:09:36.708984','2013-01-28 20:31:20.021484');
INSERT INTO "rands" VALUES(56,2,'t','2013-01-28 20:09:36.724609','2013-01-28 20:31:20.880859');
INSERT INTO "rands" VALUES(57,2,'t','2013-01-28 20:09:36.724609','2013-01-28 20:33:30.255859');
INSERT INTO "rands" VALUES(58,2,'t','2013-01-28 20:09:36.740234','2013-01-28 20:33:30.771484');
INSERT INTO "rands" VALUES(59,2,'t','2013-01-28 20:09:36.755859','2013-01-28 20:33:30.943359');
INSERT INTO "rands" VALUES(60,2,'t','2013-01-28 20:09:36.755859','2013-01-28 20:33:31.443359');
INSERT INTO "rands" VALUES(61,2,'t','2013-01-28 20:09:36.771484','2013-01-28 20:33:31.599609');
INSERT INTO "rands" VALUES(62,2,'t','2013-01-28 20:09:36.787109','2013-01-28 20:33:32.599609');
INSERT INTO "rands" VALUES(63,2,'t','2013-01-28 20:09:36.802734','2013-01-28 20:33:33.255859');
INSERT INTO "rands" VALUES(64,2,'t','2013-01-28 20:09:36.818359','2013-01-28 20:33:33.396484');
INSERT INTO "rands" VALUES(65,1,'t','2013-01-28 20:33:33.005859','2013-01-28 20:33:33.990234');
INSERT INTO "rands" VALUES(66,1,'t','2013-01-28 20:33:33.005859','2013-01-28 20:33:34.365234');
INSERT INTO "rands" VALUES(67,1,'t','2013-01-28 20:33:33.021484','2013-01-28 20:33:34.568359');
INSERT INTO "rands" VALUES(68,1,'t','2013-01-28 20:33:33.037109','2013-01-28 20:33:35.177734');
INSERT INTO "rands" VALUES(69,1,'t','2013-01-28 20:33:33.037109','2013-01-28 20:33:35.615234');
INSERT INTO "rands" VALUES(70,1,'t','2013-01-28 20:33:33.052734','2013-01-28 20:33:36.037109');
INSERT INTO "rands" VALUES(71,1,'t','2013-01-28 20:33:33.068359','2013-01-28 20:33:36.521484');
INSERT INTO "rands" VALUES(72,1,'t','2013-01-28 20:33:33.083984','2013-01-28 20:33:36.802734');
INSERT INTO "rands" VALUES(73,1,'t','2013-01-28 20:33:33.083984','2013-01-28 20:33:38.193359');
INSERT INTO "rands" VALUES(74,1,'t','2013-01-28 20:33:33.099609','2013-01-28 20:33:39.021484');
INSERT INTO "rands" VALUES(75,1,'t','2013-01-28 20:33:33.099609','2013-01-28 20:33:39.396484');
INSERT INTO "rands" VALUES(76,2,'t','2013-01-28 20:33:33.130859','2013-01-28 20:33:34.162109');
INSERT INTO "rands" VALUES(77,2,'t','2013-01-28 20:33:33.146484','2013-01-28 20:33:34.787109');
INSERT INTO "rands" VALUES(78,2,'t','2013-01-28 20:33:33.146484','2013-01-28 20:33:35.365234');
INSERT INTO "rands" VALUES(79,2,'t','2013-01-28 20:33:33.162109','2013-01-28 20:33:35.802734');
INSERT INTO "rands" VALUES(80,2,'t','2013-01-28 20:33:33.177734','2013-01-28 20:33:36.255859');
INSERT INTO "rands" VALUES(81,2,'t','2013-01-28 20:33:33.193359','2013-01-28 20:33:37.021484');
INSERT INTO "rands" VALUES(82,2,'t','2013-01-28 20:33:33.193359','2013-01-28 20:33:37.287109');
INSERT INTO "rands" VALUES(83,2,'t','2013-01-28 20:33:33.208984','2013-01-28 20:33:37.568359');
INSERT INTO "rands" VALUES(84,2,'t','2013-01-28 20:33:33.208984','2013-01-28 20:33:38.021484');
INSERT INTO "rands" VALUES(85,2,'t','2013-01-28 20:33:33.224609','2013-01-28 20:33:38.474609');
INSERT INTO "rands" VALUES(86,2,'t','2013-01-28 20:33:33.240234','2013-01-28 20:33:38.755859');
INSERT INTO "rands" VALUES(87,1,'t','2013-01-28 20:33:37.787109','2013-01-28 20:33:39.615234');
INSERT INTO "rands" VALUES(88,1,'t','2013-01-28 20:33:37.787109','2013-01-28 20:33:39.912109');
INSERT INTO "rands" VALUES(89,1,'t','2013-01-28 20:33:37.802734','2013-01-28 20:33:40.365234');
INSERT INTO "rands" VALUES(90,1,'t','2013-01-28 20:33:37.802734','2013-01-28 20:33:41.083984');
INSERT INTO "rands" VALUES(91,1,'t','2013-01-28 20:33:37.818359','2013-01-28 20:33:41.583984');
INSERT INTO "rands" VALUES(92,1,'t','2013-01-28 20:33:37.818359','2013-01-28 20:33:42.068359');
INSERT INTO "rands" VALUES(93,1,'t','2013-01-28 20:33:37.833984','2013-01-28 20:33:42.287109');
INSERT INTO "rands" VALUES(94,1,'f','2013-01-28 20:33:37.849609','2013-01-28 20:33:37.849609');
INSERT INTO "rands" VALUES(95,1,'f','2013-01-28 20:33:37.849609','2013-01-28 20:33:37.849609');
INSERT INTO "rands" VALUES(96,1,'f','2013-01-28 20:33:37.880859','2013-01-28 20:33:37.880859');
INSERT INTO "rands" VALUES(97,1,'f','2013-01-28 20:33:37.896484','2013-01-28 20:33:37.896484');
INSERT INTO "rands" VALUES(98,2,'t','2013-01-28 20:33:37.927734','2013-01-28 20:33:39.208984');
INSERT INTO "rands" VALUES(99,2,'t','2013-01-28 20:33:37.927734','2013-01-28 20:33:40.146484');
INSERT INTO "rands" VALUES(100,2,'t','2013-01-28 20:33:37.943359','2013-01-28 20:33:40.583984');
INSERT INTO "rands" VALUES(101,2,'t','2013-01-28 20:33:37.943359','2013-01-28 20:33:40.802734');
INSERT INTO "rands" VALUES(102,2,'t','2013-01-28 20:33:37.958984','2013-01-28 20:33:41.333984');
INSERT INTO "rands" VALUES(103,2,'t','2013-01-28 20:33:37.958984','2013-01-28 20:33:41.833984');
INSERT INTO "rands" VALUES(104,2,'t','2013-01-28 20:33:37.974609','2013-01-28 20:35:05.537109');
INSERT INTO "rands" VALUES(105,2,'f','2013-01-28 20:33:37.974609','2013-01-28 20:33:37.974609');
INSERT INTO "rands" VALUES(106,2,'f','2013-01-28 20:33:37.990234','2013-01-28 20:33:37.990234');
INSERT INTO "rands" VALUES(107,2,'f','2013-01-28 20:33:38.005859','2013-01-28 20:33:38.005859');
INSERT INTO "rands" VALUES(108,2,'f','2013-01-28 20:33:38.005859','2013-01-28 20:33:38.005859');
INSERT INTO "rands" VALUES(109,3,'t','2013-01-29 18:10:08.677734','2013-01-29 18:10:58.849609');
INSERT INTO "rands" VALUES(110,3,'t','2013-01-29 18:10:08.693359','2013-01-29 18:11:00.568359');
INSERT INTO "rands" VALUES(111,3,'t','2013-01-29 18:10:08.708984','2013-01-29 18:11:01.021484');
INSERT INTO "rands" VALUES(112,3,'t','2013-01-29 18:10:08.724609','2013-01-29 18:11:01.912109');
INSERT INTO "rands" VALUES(113,3,'t','2013-01-29 18:10:08.724609','2013-01-29 18:11:03.412109');
INSERT INTO "rands" VALUES(114,3,'t','2013-01-29 18:10:08.740234','2013-01-29 18:11:03.896484');
INSERT INTO "rands" VALUES(115,3,'t','2013-01-29 18:10:08.755859','2013-01-29 18:11:12.693359');
INSERT INTO "rands" VALUES(116,3,'t','2013-01-29 18:10:08.755859','2013-01-29 18:11:13.380859');
INSERT INTO "rands" VALUES(117,3,'t','2013-01-29 18:10:08.771484','2013-01-29 18:11:13.755859');
INSERT INTO "rands" VALUES(118,3,'t','2013-01-29 18:10:08.787109','2013-01-29 18:11:14.458984');
INSERT INTO "rands" VALUES(119,4,'t','2013-01-29 18:10:16.990234','2013-01-29 18:10:50.099609');
INSERT INTO "rands" VALUES(120,4,'t','2013-01-29 18:10:17.005859','2013-01-29 18:10:59.974609');
INSERT INTO "rands" VALUES(121,4,'t','2013-01-29 18:10:17.037109','2013-01-29 18:11:02.365234');
INSERT INTO "rands" VALUES(122,4,'t','2013-01-29 18:10:17.052734','2013-01-29 18:11:02.943359');
INSERT INTO "rands" VALUES(123,4,'t','2013-01-29 18:10:17.068359','2013-01-29 18:11:15.802734');
INSERT INTO "rands" VALUES(124,4,'t','2013-01-29 18:10:17.115234','2013-01-29 18:11:25.302734');
INSERT INTO "rands" VALUES(125,4,'t','2013-01-29 18:10:17.115234','2013-01-29 18:11:26.333984');
INSERT INTO "rands" VALUES(126,4,'t','2013-01-29 18:10:17.130859','2013-01-29 18:11:28.458984');
INSERT INTO "rands" VALUES(127,4,'t','2013-01-29 18:10:17.146484','2013-01-29 18:11:39.162109');
INSERT INTO "rands" VALUES(128,4,'t','2013-01-29 18:10:17.146484','2013-01-29 18:11:42.990234');
INSERT INTO "rands" VALUES(139,3,'t','2013-01-29 18:11:50.115234','2013-01-29 18:12:54.724609');
INSERT INTO "rands" VALUES(140,3,'t','2013-01-29 18:11:50.115234','2013-01-29 18:13:20.208984');
INSERT INTO "rands" VALUES(141,3,'t','2013-01-29 18:11:50.130859','2013-01-29 18:13:37.537109');
INSERT INTO "rands" VALUES(142,3,'t','2013-01-29 18:11:50.146484','2013-02-12 09:43:03.707570');
INSERT INTO "rands" VALUES(143,3,'f','2013-01-29 18:11:50.162109','2013-01-29 18:11:50.162109');
INSERT INTO "rands" VALUES(144,3,'f','2013-01-29 18:11:50.162109','2013-01-29 18:11:50.162109');
INSERT INTO "rands" VALUES(145,3,'f','2013-01-29 18:11:50.177734','2013-01-29 18:11:50.177734');
INSERT INTO "rands" VALUES(146,3,'f','2013-01-29 18:11:50.193359','2013-01-29 18:11:50.193359');
INSERT INTO "rands" VALUES(147,3,'f','2013-01-29 18:11:50.193359','2013-01-29 18:11:50.193359');
INSERT INTO "rands" VALUES(148,3,'f','2013-01-29 18:11:50.208984','2013-01-29 18:11:50.208984');
INSERT INTO "rands" VALUES(149,3,'f','2013-01-29 18:11:50.224609','2013-01-29 18:11:50.224609');
INSERT INTO "rands" VALUES(150,3,'f','2013-01-29 18:11:50.224609','2013-01-29 18:11:50.224609');
INSERT INTO "rands" VALUES(151,3,'f','2013-01-29 18:11:50.240234','2013-01-29 18:11:50.240234');
INSERT INTO "rands" VALUES(152,3,'f','2013-01-29 18:11:50.240234','2013-01-29 18:11:50.240234');
INSERT INTO "rands" VALUES(153,3,'f','2013-01-29 18:11:50.255859','2013-01-29 18:11:50.255859');
INSERT INTO "rands" VALUES(154,3,'f','2013-01-29 18:11:50.271484','2013-01-29 18:11:50.271484');
INSERT INTO "rands" VALUES(155,3,'f','2013-01-29 18:11:50.271484','2013-01-29 18:11:50.271484');
INSERT INTO "rands" VALUES(156,3,'f','2013-01-29 18:11:50.287109','2013-01-29 18:11:50.287109');
INSERT INTO "rands" VALUES(157,3,'f','2013-01-29 18:11:50.302734','2013-01-29 18:11:50.302734');
INSERT INTO "rands" VALUES(158,3,'f','2013-01-29 18:11:50.302734','2013-01-29 18:11:50.302734');
INSERT INTO "rands" VALUES(159,3,'f','2013-01-29 18:11:50.318359','2013-01-29 18:11:50.318359');
INSERT INTO "rands" VALUES(160,4,'t','2013-01-29 18:11:50.349609','2013-02-08 12:20:25.603765');
INSERT INTO "rands" VALUES(161,4,'t','2013-01-29 18:11:50.365234','2013-02-08 12:20:33.806890');
INSERT INTO "rands" VALUES(162,4,'t','2013-01-29 18:11:50.365234','2013-02-08 12:20:39.072515');
INSERT INTO "rands" VALUES(163,4,'t','2013-01-29 18:11:50.380859','2013-02-12 09:42:59.705617');
INSERT INTO "rands" VALUES(164,4,'f','2013-01-29 18:11:50.380859','2013-01-29 18:11:50.380859');
INSERT INTO "rands" VALUES(165,4,'f','2013-01-29 18:11:50.396484','2013-01-29 18:11:50.396484');
INSERT INTO "rands" VALUES(166,4,'f','2013-01-29 18:11:50.412109','2013-01-29 18:11:50.412109');
INSERT INTO "rands" VALUES(167,4,'f','2013-01-29 18:11:50.412109','2013-01-29 18:11:50.412109');
INSERT INTO "rands" VALUES(168,4,'f','2013-01-29 18:11:50.427734','2013-01-29 18:11:50.427734');
INSERT INTO "rands" VALUES(169,4,'f','2013-01-29 18:11:50.443359','2013-01-29 18:11:50.443359');
INSERT INTO "rands" VALUES(170,4,'f','2013-01-29 18:11:50.443359','2013-01-29 18:11:50.443359');
INSERT INTO "rands" VALUES(171,4,'f','2013-01-29 18:11:50.458984','2013-01-29 18:11:50.458984');
INSERT INTO "rands" VALUES(172,4,'f','2013-01-29 18:11:50.474609','2013-01-29 18:11:50.474609');
INSERT INTO "rands" VALUES(173,4,'f','2013-01-29 18:11:50.490234','2013-01-29 18:11:50.490234');
INSERT INTO "rands" VALUES(174,4,'f','2013-01-29 18:11:50.490234','2013-01-29 18:11:50.490234');
INSERT INTO "rands" VALUES(175,4,'f','2013-01-29 18:11:50.505859','2013-01-29 18:11:50.505859');
INSERT INTO "rands" VALUES(176,4,'f','2013-01-29 18:11:50.521484','2013-01-29 18:11:50.521484');
INSERT INTO "rands" VALUES(177,4,'f','2013-01-29 18:11:50.521484','2013-01-29 18:11:50.521484');
INSERT INTO "rands" VALUES(178,4,'f','2013-01-29 18:11:50.537109','2013-01-29 18:11:50.537109');
INSERT INTO "rands" VALUES(179,4,'f','2013-01-29 18:11:50.552734','2013-01-29 18:11:50.552734');
INSERT INTO "rands" VALUES(180,4,'f','2013-01-29 18:11:50.552734','2013-01-29 18:11:50.552734');
INSERT INTO "rands" VALUES(181,5,'t','2013-01-29 18:11:50.583984','2013-01-29 18:11:50.849609');
INSERT INTO "rands" VALUES(182,5,'t','2013-01-29 18:11:50.599609','2013-01-29 18:13:31.896484');
INSERT INTO "rands" VALUES(183,5,'t','2013-01-29 18:11:50.599609','2013-02-08 12:20:29.150640');
INSERT INTO "rands" VALUES(184,5,'f','2013-01-29 18:11:50.615234','2013-01-29 18:11:50.615234');
INSERT INTO "rands" VALUES(185,5,'f','2013-01-29 18:11:50.615234','2013-01-29 18:11:50.615234');
INSERT INTO "rands" VALUES(186,5,'f','2013-01-29 18:11:50.630859','2013-01-29 18:11:50.630859');
INSERT INTO "rands" VALUES(187,5,'f','2013-01-29 18:11:50.646484','2013-01-29 18:11:50.646484');
INSERT INTO "rands" VALUES(188,5,'f','2013-01-29 18:11:50.646484','2013-01-29 18:11:50.646484');
INSERT INTO "rands" VALUES(189,5,'f','2013-01-29 18:11:50.662109','2013-01-29 18:11:50.662109');
INSERT INTO "rands" VALUES(190,5,'f','2013-01-29 18:11:50.662109','2013-01-29 18:11:50.662109');
INSERT INTO "rands" VALUES(191,5,'f','2013-01-29 18:11:50.677734','2013-01-29 18:11:50.677734');
INSERT INTO "rands" VALUES(192,5,'f','2013-01-29 18:11:50.693359','2013-01-29 18:11:50.693359');
INSERT INTO "rands" VALUES(193,5,'f','2013-01-29 18:11:50.693359','2013-01-29 18:11:50.693359');
INSERT INTO "rands" VALUES(194,5,'f','2013-01-29 18:11:50.708984','2013-01-29 18:11:50.708984');
INSERT INTO "rands" VALUES(195,5,'f','2013-01-29 18:11:50.724609','2013-01-29 18:11:50.724609');
INSERT INTO "rands" VALUES(196,5,'f','2013-01-29 18:11:50.724609','2013-01-29 18:11:50.724609');
INSERT INTO "rands" VALUES(197,5,'f','2013-01-29 18:11:50.740234','2013-01-29 18:11:50.740234');
INSERT INTO "rands" VALUES(198,5,'f','2013-01-29 18:11:50.755859','2013-01-29 18:11:50.755859');
INSERT INTO "rands" VALUES(199,5,'f','2013-01-29 18:11:50.771484','2013-01-29 18:11:50.771484');
INSERT INTO "rands" VALUES(200,5,'f','2013-01-29 18:11:50.771484','2013-01-29 18:11:50.771484');
INSERT INTO "rands" VALUES(201,5,'f','2013-01-29 18:11:50.787109','2013-01-29 18:11:50.787109');
INSERT INTO "rands" VALUES(202,6,'t','2013-02-12 10:30:51.878468','2013-02-12 19:59:53.311085');
INSERT INTO "rands" VALUES(203,6,'t','2013-02-12 10:30:51.878468','2013-02-12 20:26:03.381398');
INSERT INTO "rands" VALUES(204,6,'t','2013-02-12 10:30:51.894093','2013-02-12 20:26:23.297414');
INSERT INTO "rands" VALUES(205,6,'t','2013-02-12 10:30:51.909718','2013-02-12 20:26:30.515187');
INSERT INTO "rands" VALUES(206,6,'t','2013-02-12 10:30:51.909718','2013-02-12 20:26:38.794484');
INSERT INTO "rands" VALUES(207,7,'t','2013-02-12 10:30:58.894093','2013-02-12 19:57:46.788625');
INSERT INTO "rands" VALUES(208,7,'t','2013-02-12 10:30:58.894093','2013-02-12 19:58:25.710500');
INSERT INTO "rands" VALUES(209,7,'t','2013-02-12 10:30:58.909718','2013-02-12 20:26:44.740773');
INSERT INTO "rands" VALUES(210,7,'t','2013-02-12 10:30:58.925343','2013-02-12 20:27:08.439992');
INSERT INTO "rands" VALUES(211,7,'t','2013-02-12 10:30:58.925343','2013-02-12 21:12:28.559132');
INSERT INTO "rands" VALUES(212,6,'t','2013-02-13 12:06:46.713375','2013-02-13 12:06:46.932125');
INSERT INTO "rands" VALUES(213,6,'t','2013-02-13 12:06:46.729000','2013-02-13 12:12:45.338375');
INSERT INTO "rands" VALUES(214,6,'t','2013-02-13 12:06:46.744625','2013-02-15 13:59:44.377437');
INSERT INTO "rands" VALUES(215,6,'t','2013-02-13 12:06:46.760250','2013-02-17 22:51:27.908687');
INSERT INTO "rands" VALUES(216,6,'t','2013-02-13 12:06:46.775875','2013-02-17 22:55:14.127437');
INSERT INTO "rands" VALUES(217,6,'t','2013-02-13 12:06:46.791500','2013-02-17 22:59:48.924312');
INSERT INTO "rands" VALUES(218,7,'t','2013-02-13 12:06:46.822750','2013-02-17 20:36:49.939937');
INSERT INTO "rands" VALUES(219,7,'t','2013-02-13 12:06:46.822750','2013-02-17 22:42:34.689937');
INSERT INTO "rands" VALUES(220,7,'t','2013-02-13 12:06:46.838375','2013-02-17 22:52:39.486812');
INSERT INTO "rands" VALUES(221,7,'t','2013-02-13 12:06:46.854000','2013-02-17 22:58:01.814937');
INSERT INTO "rands" VALUES(222,7,'t','2013-02-13 12:06:46.869625','2013-02-17 22:58:47.533687');
INSERT INTO "rands" VALUES(223,7,'t','2013-02-13 12:06:46.869625','2013-02-17 23:00:45.393062');
INSERT INTO "rands" VALUES(224,6,'t','2013-02-17 22:59:48.721187','2013-02-17 23:35:53.361812');
INSERT INTO "rands" VALUES(225,6,'t','2013-02-17 22:59:48.736812','2013-02-17 23:50:09.611812');
INSERT INTO "rands" VALUES(226,6,'t','2013-02-17 22:59:48.736812','2013-02-17 23:51:52.393062');
INSERT INTO "rands" VALUES(227,6,'t','2013-02-17 22:59:48.752437','2013-02-18 15:06:39.111812');
INSERT INTO "rands" VALUES(228,6,'t','2013-02-17 22:59:48.752437','2013-02-18 15:09:33.127437');
INSERT INTO "rands" VALUES(229,6,'t','2013-02-17 22:59:48.768062','2013-02-18 15:10:07.299312');
INSERT INTO "rands" VALUES(230,7,'t','2013-02-17 22:59:48.783687','2013-02-17 23:02:15.174312');
INSERT INTO "rands" VALUES(231,7,'t','2013-02-17 22:59:48.799312','2013-02-17 23:03:44.408687');
INSERT INTO "rands" VALUES(232,7,'t','2013-02-17 22:59:48.814937','2013-02-17 23:34:24.658687');
INSERT INTO "rands" VALUES(233,7,'t','2013-02-17 22:59:48.814937','2013-02-17 23:40:10.314937');
INSERT INTO "rands" VALUES(234,7,'t','2013-02-17 22:59:48.830562','2013-02-18 15:12:21.033687');
INSERT INTO "rands" VALUES(235,7,'t','2013-02-17 22:59:48.846187','2013-02-18 17:27:30.281734');
INSERT INTO "rands" VALUES(236,6,'t','2013-02-18 15:09:32.893062','2013-02-18 15:13:16.689937');
INSERT INTO "rands" VALUES(237,6,'t','2013-02-18 15:09:32.893062','2013-02-18 17:22:29.324703');
INSERT INTO "rands" VALUES(238,6,'t','2013-02-18 15:09:32.908687','2013-02-18 17:36:51.900875');
INSERT INTO "rands" VALUES(239,6,'t','2013-02-18 15:09:32.924312','2013-02-19 14:42:43.445796');
INSERT INTO "rands" VALUES(240,6,'t','2013-02-18 15:09:32.924312','2013-02-19 14:43:40.445796');
INSERT INTO "rands" VALUES(241,6,'t','2013-02-18 15:09:32.939937','2013-02-21 10:48:25.505578');
INSERT INTO "rands" VALUES(242,7,'t','2013-02-18 15:09:32.986812','2013-02-19 14:24:41.865718');
INSERT INTO "rands" VALUES(243,7,'t','2013-02-18 15:09:33.002437','2013-02-19 14:42:33.148921');
INSERT INTO "rands" VALUES(244,7,'t','2013-02-18 15:09:33.018062','2013-02-19 14:42:38.523921');
INSERT INTO "rands" VALUES(245,7,'t','2013-02-18 15:09:33.049312','2013-03-05 08:34:58.768554');
INSERT INTO "rands" VALUES(246,7,'t','2013-02-18 15:09:33.049312','2013-03-05 08:40:23.706054');
INSERT INTO "rands" VALUES(247,7,'t','2013-02-18 15:09:33.064937','2013-03-05 23:28:03.659179');
INSERT INTO "rands" VALUES(248,6,'t','2013-02-19 14:42:43.195796','2013-03-05 03:24:34.737304');
INSERT INTO "rands" VALUES(249,6,'t','2013-02-19 14:42:43.227046','2013-03-05 08:36:08.565429');
INSERT INTO "rands" VALUES(250,6,'t','2013-02-19 14:42:43.242671','2013-03-10 22:26:46.109375');
INSERT INTO "rands" VALUES(251,6,'t','2013-02-19 14:42:43.258296','2013-03-10 23:07:50.941406');
INSERT INTO "rands" VALUES(252,6,'t','2013-02-19 14:42:43.273921','2013-03-10 23:24:42.300781');
INSERT INTO "rands" VALUES(253,6,'t','2013-02-19 14:42:43.273921','2013-03-10 23:30:36.488281');
INSERT INTO "rands" VALUES(254,7,'t','2013-02-19 14:42:43.320796','2013-03-05 23:42:09.706054');
INSERT INTO "rands" VALUES(255,7,'t','2013-02-19 14:42:43.320796','2013-03-06 08:04:46.768554');
INSERT INTO "rands" VALUES(256,7,'t','2013-02-19 14:42:43.352046','2013-03-10 22:31:28.765625');
INSERT INTO "rands" VALUES(257,7,'t','2013-02-19 14:42:43.352046','2013-03-10 23:01:49.863281');
INSERT INTO "rands" VALUES(258,7,'t','2013-02-19 14:42:43.367671','2013-03-10 23:04:42.269531');
INSERT INTO "rands" VALUES(259,7,'t','2013-02-19 14:42:43.367671','2013-03-10 23:09:04.285156');
INSERT INTO "rands" VALUES(260,6,'t','2013-03-10 22:26:45.875000','2013-03-10 23:32:33.253906');
INSERT INTO "rands" VALUES(261,6,'f','2013-03-10 22:26:45.890625','2013-03-10 22:26:45.890625');
INSERT INTO "rands" VALUES(262,6,'f','2013-03-10 22:26:45.890625','2013-03-10 22:26:45.890625');
INSERT INTO "rands" VALUES(263,6,'f','2013-03-10 22:26:45.906250','2013-03-10 22:26:45.906250');
INSERT INTO "rands" VALUES(264,6,'f','2013-03-10 22:26:45.921875','2013-03-10 22:26:45.921875');
INSERT INTO "rands" VALUES(265,6,'f','2013-03-10 22:26:45.937500','2013-03-10 22:26:45.937500');
INSERT INTO "rands" VALUES(266,7,'t','2013-03-10 22:26:45.968750','2013-03-10 23:19:05.941406');
INSERT INTO "rands" VALUES(267,7,'t','2013-03-10 22:26:45.968750','2013-03-10 23:33:27.332031');
INSERT INTO "rands" VALUES(268,7,'t','2013-03-10 22:26:45.984375','2013-03-10 23:34:43.972656');
INSERT INTO "rands" VALUES(269,7,'f','2013-03-10 22:26:46.000000','2013-03-10 22:26:46.000000');
INSERT INTO "rands" VALUES(270,7,'f','2013-03-10 22:26:46.000000','2013-03-10 22:26:46.000000');
INSERT INTO "rands" VALUES(271,7,'f','2013-03-10 22:26:46.015625','2013-03-10 22:26:46.015625');
INSERT INTO "rands" VALUES(272,6,'f','2013-03-10 23:33:27.175781','2013-03-10 23:33:27.175781');
INSERT INTO "rands" VALUES(273,6,'f','2013-03-10 23:33:27.175781','2013-03-10 23:33:27.175781');
INSERT INTO "rands" VALUES(274,6,'f','2013-03-10 23:33:27.191406','2013-03-10 23:33:27.191406');
INSERT INTO "rands" VALUES(275,6,'f','2013-03-10 23:33:27.207031','2013-03-10 23:33:27.207031');
INSERT INTO "rands" VALUES(276,6,'f','2013-03-10 23:33:27.207031','2013-03-10 23:33:27.207031');
INSERT INTO "rands" VALUES(277,6,'f','2013-03-10 23:33:27.238281','2013-03-10 23:33:27.238281');
INSERT INTO "rands" VALUES(278,7,'f','2013-03-10 23:33:27.253906','2013-03-10 23:33:27.253906');
INSERT INTO "rands" VALUES(279,7,'f','2013-03-10 23:33:27.269531','2013-03-10 23:33:27.269531');
INSERT INTO "rands" VALUES(280,7,'f','2013-03-10 23:33:27.285156','2013-03-10 23:33:27.285156');
INSERT INTO "rands" VALUES(281,7,'f','2013-03-10 23:33:27.285156','2013-03-10 23:33:27.285156');
INSERT INTO "rands" VALUES(282,7,'f','2013-03-10 23:33:27.300781','2013-03-10 23:33:27.300781');
INSERT INTO "rands" VALUES(283,7,'f','2013-03-10 23:33:27.300781','2013-03-10 23:33:27.300781');
CREATE TABLE "users" ("id" INTEGER PRIMARY KEY AUTOINCREMENT NOT NULL, "username" varchar(255), "password_digest" varchar(255), "remember_token" varchar(255), "email" varchar(255), "admin" boolean DEFAULT 'f', "created_at" datetime NOT NULL, "updated_at" datetime NOT NULL);
INSERT INTO "users" VALUES(1,'lindvi','$2a$10$oR5aBSY5bC0B661iYEcq8.b/NvVpCjVNDQHYsHlf4qGAtLKd58JC2','IkIBwqm_N5qsQusbrWbwAQ',NULL,'t','2013-01-28 20:08:25.412109','2013-03-05 02:31:59.627929');
INSERT INTO "users" VALUES(2,'test','$2a$10$sBGLE3B0K4MXKU7nhZuiUe7d1CNVkChtH.JfZEHrgFpLxaRNc74Mm','X3s2xCvZIFUUVT6JYx1I0Q',NULL,'f','2013-02-13 12:14:58.791500','2013-02-13 12:14:58.791500');
INSERT INTO "users" VALUES(3,'JLindahl','$2a$10$qxSjH.cPPzjMFfrbY87hG.l529vvPYcY5TeqP6PmGPS3BKq95x8ae','Ydd1QLuY2aT3vwTbAlZ0RQ',NULL,'f','2013-02-19 14:14:13.959468','2013-03-05 02:54:56.284179');
CREATE TABLE "schema_migrations" ("version" varchar(255) NOT NULL);
INSERT INTO "schema_migrations" VALUES('20130127212023');
INSERT INTO "schema_migrations" VALUES('20120817082341');
INSERT INTO "schema_migrations" VALUES('20120817082437');
INSERT INTO "schema_migrations" VALUES('20120817084238');
INSERT INTO "schema_migrations" VALUES('20120817091908');
INSERT INTO "schema_migrations" VALUES('20120817100013');
INSERT INTO "schema_migrations" VALUES('20130124092342');
INSERT INTO "schema_migrations" VALUES('20130124094344');
INSERT INTO "schema_migrations" VALUES('20130124094804');
DELETE FROM sqlite_sequence;
INSERT INTO "sqlite_sequence" VALUES('users',3);
INSERT INTO "sqlite_sequence" VALUES('projects',3);
INSERT INTO "sqlite_sequence" VALUES('parts',7);
INSERT INTO "sqlite_sequence" VALUES('rands',283);
CREATE UNIQUE INDEX "unique_schema_migrations" ON "schema_migrations" ("version");
COMMIT;
